,Unnamed: 0,Unnamed: 0.1,galex_objid,sdss_objid,u,g,r,i,z,extinction_u,extinction_g,extinction_r,extinction_i,extinction_z,nuv_mag,fuv_mag,class,spectrometric_redshift,nuv-u,nuv-g,nuv-r,nuv-i,nuv-z,u-g,u-r,u-i,u-z,g-r,g-i,g-z,r-i,r-z,i-z,fuv-nuv,fuv-u,fuv-g,fuv-r,fuv-i,fuv-z,pred
4,7,7,3.152275785083e+18,1.2376672539959e+18,24.606237411499,21.7989521026611,21.941276550293,22.1240577697754,21.578346252441396,0.145642384886742,0.11348355561494801,0.07850740104913702,0.058339413255453,0.043393805623055,23.4094562530518,23.663230895996104,1,2.20113086700439,-1.1967811584472,1.6105041503906998,1.4681797027588002,1.2853984832764,1.83111000061041,2.8072853088379,2.664960861206,2.4821796417236,3.0278911590576,-0.1423244476319,-0.3251056671143,0.220605850219705,-0.182781219482401,0.36293029785160497,0.545711517334006,-0.25377464294430396,0.943006515502894,-1.864278793335,-1.7219543457031,-1.5391731262206998,-2.0848846435547097,0
5,8,8,3.152275785083e+18,1.2376672539959e+18,24.606237411499,21.7989521026611,21.941276550293,22.1240577697754,21.578346252441396,0.145642384886742,0.11348355561494801,0.07850740104913702,0.058339413255453,0.043393805623055,23.4094562530518,23.663230895996104,1,2.1994464397430398,-1.1967811584472,1.6105041503906998,1.4681797027588002,1.2853984832764,1.83111000061041,2.8072853088379,2.664960861206,2.4821796417236,3.0278911590576,-0.1423244476319,-0.3251056671143,0.220605850219705,-0.182781219482401,0.36293029785160497,0.545711517334006,-0.25377464294430396,0.943006515502894,-1.864278793335,-1.7219543457031,-1.5391731262206998,-2.0848846435547097,0
177,200,200,6.38263223622147e+18,1.23766773503577e+18,17.1524772644043,17.5987110137939,17.8962726593018,18.3643779754639,18.6357326507568,0.11149388551711999,0.086875282227993,0.060099914669991,0.044660679996014,0.033219341188669,16.930850982665998,17.015230178833,1,2.09217000007629,-0.221626281738303,-0.667860031127901,-0.965421676635803,-1.4335269927978995,-1.7048816680908,-0.446233749389599,-0.7437953948975,-1.2119007110596,-1.4832553863525,-0.29756164550790104,-0.7656669616699999,-1.0370216369629,-0.468105316162099,-0.7394599914550001,-0.27135467529290097,-0.08437919616700297,0.1372470855713,0.583480834960898,0.8810424804688001,1.3491477966309,1.6205024719238001,0
206,233,233,6.37886743002481e+18,1.23766773611489e+18,20.2340049743652,20.024976730346697,19.9677410125732,19.8862361907959,19.5386962890625,0.06850249320268599,0.05337667837739,0.036925736814737,0.027439780533313998,0.020410155877471,20.635944366455103,18.89739418029789,1,2.0793910026550297,0.40193939208990404,0.610967636108405,0.6682033538819029,0.749708175659205,1.0972480773926,0.209028244018501,0.266263961791999,0.34776878356929997,0.695308685302699,0.057235717773498,0.138740539550799,0.486280441284198,0.08150482177730099,0.4290447235107,0.347539901733398,1.73855018615721,1.3366107940673002,1.1275825500488001,1.0703468322753,0.988842010498001,0.641302108764602,0
340,382,382,3.19161191307832e+18,1.23766791702695e+18,22.202890396118196,21.219778060913104,20.202257156372106,19.4948139190674,19.0155963897705,0.087306775152683,0.068028852343559,0.047062043100595995,0.034972142428160005,0.026012849062680997,22.4701805114746,23.7553024291992,1,0.567217946052551,0.267290115356403,1.2504024505615001,2.2679233551025,2.9753665924072004,3.4545841217041002,0.983112335205092,2.00063323974609,2.7080764770508,3.1872940063477,1.017520904541,1.7249641418456998,2.2041816711426003,0.7074432373047019,1.1866607666016,0.47921752929690004,-1.2851219177246,-1.55241203308101,-2.5355243682861,-3.5530452728271,-4.2604885101317995,-4.7397060394287,0
365,414,414,6.3790434120148e+18,1.23766829391e+18,20.4027538299561,20.1272964477539,20.4902515411377,20.713943481445305,20.875093460083,0.08288181573152499,0.06458094716072099,0.044676803052425,0.033199653029442,0.024694442749023,19.9094295501709,20.167249679565398,1,0.9096433520317081,-0.493324279785202,-0.21786689758300096,-0.5808219909668001,-0.8045139312744028,-0.965663909912102,0.27545738220220195,-0.08749771118159799,-0.311189651489201,-0.4723396301269,-0.3629550933838,-0.5866470336914029,-0.747797012329102,-0.223691940307603,-0.384841918945302,-0.161149978637699,-0.257820129394499,0.23550415039070305,-0.039953231811499,0.32300186157230104,0.546693801879904,0.707843780517603,0
366,416,416,6.3790434120148e+18,1.23766829391e+18,20.4027538299561,20.1272964477539,20.4902515411377,20.713943481445305,20.875093460083,0.08288181573152499,0.06458094716072099,0.044676803052425,0.033199653029442,0.024694442749023,19.9094295501709,20.167249679565398,0,0.9096433520317081,-0.493324279785202,-0.21786689758300096,-0.5808219909668001,-0.8045139312744028,-0.965663909912102,0.27545738220220195,-0.08749771118159799,-0.311189651489201,-0.4723396301269,-0.3629550933838,-0.5866470336914029,-0.747797012329102,-0.223691940307603,-0.384841918945302,-0.161149978637699,-0.257820129394499,0.23550415039070305,-0.039953231811499,0.32300186157230104,0.546693801879904,0.707843780517603,1
537,631,631,6.38101373685177e+18,1.23767859755319e+18,19.732385635376,19.821987152099602,20.1193408966064,20.2780876159668,20.7790794372559,0.095555901527405,0.074456512928009,0.05150867253542,0.038276463747025,0.02847065590322,19.9997863769531,20.4745807647705,1,1.34557557106018,0.267400741577099,0.177799224853498,-0.11955451965329901,-0.2783012390137,-0.779293060302798,-0.089601516723601,-0.386955261230398,-0.545701980590799,-1.0466938018799001,-0.297353744506797,-0.456100463867198,-0.9570922851562959,-0.158746719360401,-0.659738540649499,-0.5009918212890979,-0.47479438781740096,-0.742195129394499,-0.6525936126708979,-0.3552398681641021,-0.19649314880370009,0.304498672485398,0
554,648,648,6.38101373040932e+18,1.23767859809282e+18,21.3216762542725,21.1559963226318,21.280475616455103,20.9927577972412,21.220703125,0.136033564805985,0.105996437370777,0.073327839374542,0.054490447044373,0.040530879050493,21.5718460083008,21.303424835205103,1,0.576443016529083,0.2501697540282989,0.4158496856689989,0.291370391845696,0.579088211059599,0.35114288330079896,0.1656799316407,0.041200637817397,0.3289184570313,0.1009731292725,-0.124479293823303,0.1632385253906,-0.06470680236819999,0.28771781921390305,0.059772491455103,-0.22794532775879997,0.268421173095696,0.018251419067397,-0.147428512573303,-0.02294921875,-0.31066703796390305,-0.082721710205103,0
626,724,724,6.38101374114674e+18,1.23767861795684e+18,21.514820098877,21.308946609497106,21.2239723205566,21.284969329834002,20.606914520263697,0.118303604424,0.092181369662285,0.063770644366741,0.047388423234224,0.035248279571532995,21.3441410064697,21.08145523071289,1,0.844425141811371,-0.170679092407298,0.035194396972599996,0.1201686859131,0.0591716766357,0.7372264862060051,0.205873489379897,0.290847778320398,0.2298507690429969,0.907905578613303,0.08497428894050099,0.0239772796631,0.702032089233405,-0.06099700927740099,0.617057800292905,0.6780548095703051,0.26268577575680396,0.4333648681641021,0.2274913787842049,0.142517089843704,0.20351409912110396,-0.47454071044920104,0
989,1109,1109,6.38020445012283e+18,1.2376788595519e+18,22.7717018127441,21.623083114624,21.5957107543945,21.6096248626709,21.4811172485352,0.290978968143463,0.226728841662407,0.15684996545314805,0.116556338965893,0.086696498095989,21.989253997802702,22.0219345092773,0,5.34775924682617,-0.7824478149413991,0.366170883178704,0.39354324340820296,0.37962913513180396,0.508136749267504,1.1486186981201,1.1759910583496,1.1620769500732,1.2905845642088998,0.027372360229499,0.013458251953100001,0.1419658660888,-0.013914108276398999,0.1145935058593,0.1285076141357,-0.032680511474599,0.7497673034668,-0.3988513946533029,-0.426223754882802,-0.4123096466064029,-0.540817260742102,1
1019,1140,1140,2.91590717339023e+18,1.23767887994998e+18,21.5235328674316,20.508043289184602,20.358951568603498,20.467571258544897,20.4006252288818,0.131541967391968,0.102496616542339,0.070906683802605,0.05269126594066599,0.039192620664835,23.6929149627686,23.4868278503418,1,2.70569849014282,2.1693820953369998,3.184871673584,3.3339633941651,3.2253437042237003,3.2922897338868,1.015489578247,1.1645812988281001,1.0559616088866999,1.1229076385498,0.149091720581104,0.040472030639705,0.10741806030280199,-0.108619689941399,-0.041673660278303,0.066946029663097,0.20608711242679997,-1.9632949829102,-2.9787845611572004,-3.1278762817383,-3.0192565917969,-3.0862026214599996,0
1157,1281,1281,2.54851196003865e+18,1.23767889013539e+18,23.837081909179698,23.7667751312256,21.629873275756804,20.557243347168,19.8825645446777,0.111052639782429,0.08653146028518699,0.059862066060305,0.044483929872513005,0.033087871968746005,23.6458415985107,24.293756484985398,1,3.98405718803406,-0.191240310668999,-0.12093353271490101,2.0159683227539,3.0885982513427,3.7632770538330003,0.070306777954098,2.20720863342289,3.2798385620117,3.954517364502,2.1369018554688,3.2095317840576,3.8842105865479,1.0726299285888,1.7473087310791102,0.674678802490302,-0.647914886474698,-0.45667457580570003,-0.5269813537597979,-2.66388320922859,-3.7365131378174,-4.4111919403077,0
1228,1362,1362,6.38031004618877e+18,1.23767907698069e+18,19.7538776397705,19.4978084564209,19.546100616455103,19.659235000610398,19.7520351409912,0.12274043262004901,0.09563851356506403,0.06616228073835399,0.049165666103363,0.036570224910974995,20.365024566650398,22.0487079620361,1,0.8331454396247859,0.611146926879897,0.8672161102294991,0.8189239501952951,0.70578956604,0.612989425659197,0.256069183349602,0.20777702331539802,0.09464263916010301,0.0018424987792999999,-0.048292160034205,-0.161426544189499,-0.254226684570302,-0.113134384155295,-0.20593452453609692,-0.09280014038080303,-1.6836833953856998,-2.2948303222656,-2.5508995056152,-2.502607345581,-2.3894729614257,-2.2966728210448997,0
1264,1400,1400,3.05481507439694e+18,1.23767916823301e+18,21.2497253417969,20.1485748291016,19.863328933715803,19.6309871673584,19.168422698974602,0.29413035511970503,0.22918438911438,0.158548697829247,0.11781867593526801,0.087635450065136,22.3246192932129,22.4045028686523,1,2.6568760871887203,1.074893951416,2.1760444641113,2.4612903594971,2.6936321258544997,3.1561965942383,1.1011505126953,1.3863964080811,1.6187381744385,2.0813026428223003,0.285245895385799,0.5175876617432029,0.980152130126999,0.232341766357404,0.6949062347412,0.462564468383796,-0.07988357543939999,-1.1547775268554,-2.2559280395507,-2.5411739349365,-2.7735157012939,-3.2360801696777,0
1293,1430,1430,2.54759716636435e+18,1.23767925413446e+18,22.956199645996104,21.1934089660645,20.7676277160645,20.2380657196045,24.1976013183594,0.08198874443769501,0.063885070383549,0.044195398688315984,0.032841917127371,0.024428352713584997,23.864505767822298,25.4864196777344,1,1.09191751480103,0.9083061218261932,2.6710968017577996,3.0968780517578,3.6264400482177996,-0.333095550537102,1.7627906799316102,2.1885719299316,2.71813392639161,-1.2414016723633001,0.42578125,0.95534324646,-3.0041923522948997,0.52956199646,-3.4299736022948997,-3.9595355987549,-1.6219139099121,-2.5302200317383,-4.2930107116699,-4.718791961669901,-5.2483539581299,-1.288818359375,0
1377,1522,1522,2.54752679762017e+18,1.23767934056897e+18,20.9887657165527,19.859769821167,19.6940288543701,19.660657882690398,19.366436004638697,0.113885745406151,0.08873900026083,0.061389230191708,0.045618776232004006,0.033931989222765004,24.4101829528809,23.7496166229248,1,2.65146422386169,3.4214172363282,4.550413131713901,4.7161540985108,4.7495250701905,5.0437469482422,1.1289958953857,1.2947368621826,1.3281078338623,1.6223297119139999,0.1657409667969,0.199111938476602,0.4933338165283029,0.033370971679702,0.327592849731403,0.294221878051701,0.6605663299560971,-2.7608509063721,-3.8898468017578,-4.0555877685547,-4.0889587402344,-4.3831806182861,0
1437,1588,1588,2.91573125152978e+18,1.23767943559932e+18,21.190294265747106,20.9017448425293,19.180477142334002,18.2864952087402,17.776775360107397,0.11446374654769904,0.089189372956753,0.061700794845820015,0.045850303024054004,0.034104201942682,23.7909240722656,23.6765480041504,1,1.57776260375977,2.6006298065185,2.8891792297362997,4.6104469299316,5.5044288635254,6.0141487121582005,0.288549423217802,2.0098171234131,2.9037990570069,3.4135189056397097,1.7212677001953,2.6152496337891002,3.1249694824219,0.8939819335938031,1.4037017822266102,0.509719848632802,0.114376068115199,-2.4862537384033,-2.7748031616211004,-4.4960708618164,-5.3900527954102015,-5.899772644043,0
1438,1589,1589,2.91573125152978e+18,1.23767943559932e+18,21.190294265747106,20.9017448425293,19.180477142334002,18.2864952087402,17.776775360107397,0.11446374654769904,0.089189372956753,0.061700794845820015,0.045850303024054004,0.034104201942682,23.7909240722656,23.6765480041504,1,0.5043063759803771,2.6006298065185,2.8891792297362997,4.6104469299316,5.5044288635254,6.0141487121582005,0.288549423217802,2.0098171234131,2.9037990570069,3.4135189056397097,1.7212677001953,2.6152496337891002,3.1249694824219,0.8939819335938031,1.4037017822266102,0.509719848632802,0.114376068115199,-2.4862537384033,-2.7748031616211004,-4.4960708618164,-5.3900527954102015,-5.899772644043,0
1451,1603,1603,2.54745642887598e+18,1.23767943988779e+18,24.63472366333011,21.6349201202393,21.130744934082,21.0671005249023,21.8797302246094,0.10758518427610404,0.083829648792744,0.05799296125769601,0.043094985187054,0.032054752111435,20.990549087524396,22.661806106567397,1,1.16452956199646,-3.64417457580571,-0.6443710327149039,-0.140195846557603,-0.076551437377905,-0.889181137085004,2.9998035430908,3.5039787292480997,3.5676231384278,2.7549934387207,0.504175186157301,0.567819595336999,-0.244810104370099,0.06364440917969799,-0.7489852905274008,-0.8126296997070991,-1.671257019043,1.97291755676271,-1.0268859863281,-1.5310611724853995,-1.5947055816651001,-0.782075881957997,0
1452,1604,1604,2.54745642887598e+18,1.23767943988779e+18,24.63472366333011,21.6349201202393,21.130744934082,21.0671005249023,21.8797302246094,0.10758518427610404,0.083829648792744,0.05799296125769601,0.043094985187054,0.032054752111435,20.990549087524396,22.661806106567397,1,1.1644757986068701,-3.64417457580571,-0.6443710327149039,-0.140195846557603,-0.076551437377905,-0.889181137085004,2.9998035430908,3.5039787292480997,3.5676231384278,2.7549934387207,0.504175186157301,0.567819595336999,-0.244810104370099,0.06364440917969799,-0.7489852905274008,-0.8126296997070991,-1.671257019043,1.97291755676271,-1.0268859863281,-1.5310611724853995,-1.5947055816651001,-0.782075881957997,0
1453,1605,1605,2.54752679762017e+18,1.23767943988825e+18,25.065486907959,22.4457893371582,21.79341506958011,20.9671382904053,21.10475730896,0.106357432901859,0.082872994244099,0.057331152260304,0.042603190988301995,0.031688947230578,24.411788940429698,25.3443756103516,1,0.69921213388443,-0.6536979675293001,1.9659996032715,2.6183738708496,3.4446506500244,3.3070316314697004,2.6196975708008,3.2720718383788996,4.0983486175537,3.9607295989990003,0.652374267578097,1.4786510467529,1.3410320281982,0.826276779174805,0.688657760620103,-0.137619018554702,-0.932586669921903,-0.278888702392603,-2.8985862731934,-3.5509605407715,-4.3772373199463,-4.239618301391601,0
1570,1743,1743,6.37735454067969e+18,1.2376794619014e+18,22.046794891357397,21.811668395996104,22.0084915161133,22.0795040130615,21.970674514770497,0.18816097080707608,0.14661376178264598,0.101426720619202,0.07537092268467,0.056062120944261995,21.886362075805696,21.9499568939209,1,1.3414543867111202,-0.160432815551701,0.07469367980959199,-0.12212944030760302,-0.193141937255803,-0.084312438964801,0.235126495361293,0.038303375244098,-0.032709121704102,0.07612037658689999,-0.19682312011719505,-0.267835617065394,-0.15900611877439302,-0.0710124969482,0.037817001342802,0.10882949829100096,-0.063594818115202,0.096837997436499,-0.138288497924794,0.058534622192400985,0.1295471191406,0.020717620849599,0
1611,1793,1793,6.37735454926963e+18,1.23767947694388e+18,21.9314975738525,21.157621383667,21.1838970184326,21.52494430541989,21.895318984985398,0.3244425356388089,0.252803415060043,0.174888238310814,0.12996070086956,0.09666688740253501,21.9867210388184,22.187688827514602,1,2.2066872119903596,0.055223464965899,0.829099655151399,0.8028240203857991,0.461776733398502,0.091402053833001,0.773876190185501,0.7476005554199009,0.406553268432603,0.036178588867102006,-0.0262756347656,-0.3673229217528979,-0.737697601318398,-0.3410472869872981,-0.711421966552798,-0.3703746795655011,-0.20096778869620396,-0.256191253662102,-1.0300674438475999,-1.003791809082,-0.6627445220947049,-0.292369842529205,0
1666,1853,1853,6.37717859519693e+18,1.23767947801972e+18,24.883768081665,22.318702697753896,22.3985404968262,22.404481887817397,22.6385478973389,0.542434573173523,0.422661364078522,0.292395174503326,0.217280954122543,0.161617115139961,21.9757232666016,21.8148632049561,1,1.36177837848663,-2.9080448150633997,-0.34297943115229396,-0.422817230224599,-0.428758621215795,-0.662824630737298,2.5650653839111,2.4852275848387997,2.4792861938476003,2.2452201843261,-0.079837799072305,-0.085779190063502,-0.31984519958500396,-0.005941390991196999,-0.2400074005126989,-0.234066009521502,0.160860061645501,3.0689048767088996,0.503839492797795,0.583677291870099,0.589618682861296,0.8236846923827981,0
1862,2073,2073,6.3809433863612e+18,1.23767950486261e+18,21.6018009185791,20.8583965301514,21.1135368347168,21.6312580108643,21.35881996154789,0.160203233361244,0.12482927739620199,0.086356319487095,0.064171999692917,0.047732178121805004,20.5463466644287,20.6527786254883,1,1.3531273603439298,-1.0554542541504,-0.312049865722699,-0.5671901702880999,-1.0849113464356,-0.812473297119198,0.7434043884277021,0.488264083862301,-0.029457092285198997,0.24298095703120398,-0.255140304565401,-0.772861480712901,-0.500423431396499,-0.5177211761475,-0.24528312683109696,0.27243804931640303,-0.106431961059599,0.949022293090802,0.2056179046631,0.460758209228501,0.978479385376001,0.7060413360595991,0
1902,2115,2115,6.38094332301043e+18,1.23767954135613e+18,23.2349319458008,21.6715908050537,21.506704330444304,21.0217456817627,20.1167964935303,0.169114023447037,0.13177250325679798,0.09115960448980302,0.067741356790066,0.050387125462294007,21.1317958831787,21.9712352752686,1,0.809523105621338,-2.1031360626221,-0.539794921875,-0.374908447265604,0.11005020141600096,1.0149993896484002,1.5633411407471,1.7282276153565002,2.2131862640381,3.1181354522705003,0.16488647460939598,0.649845123291001,1.5547943115234,0.484958648681605,1.38990783691401,0.9049491882324008,-0.8394393920899008,1.2636966705322,-0.299644470214901,-0.4645309448242971,-0.949489593505902,-1.8544387817383001,0
1921,2136,2136,3.05488544314112e+18,1.23767954136249e+18,26.4427108764648,20.761760711669897,19.8905200958252,19.148296356201197,18.8367538452148,0.295740783214569,0.230439215898514,0.159416779875755,0.118463754653931,0.088115267455578,22.28533363342289,22.9137153625488,1,0.539113759994507,-4.1573772430419,1.523572921753,2.3948135375977,3.1370372772217,3.4485797882081,5.680950164794901,6.5521907806396,7.294414520263599,7.60595703125,0.8712406158446979,1.6134643554687,1.9250068664551,0.7422237396240021,1.0537662506104,0.311542510986396,-0.628381729125902,3.528995513916,-2.1519546508789,-3.0231952667236,-3.7654190063476003,-4.0769615173339995,0
1922,2137,2137,3.05488544314112e+18,1.23767954136249e+18,26.4427108764648,20.761760711669897,19.8905200958252,19.148296356201197,18.8367538452148,0.295740783214569,0.230439215898514,0.159416779875755,0.118463754653931,0.088115267455578,22.28533363342289,22.9137153625488,1,0.539749145507813,-4.1573772430419,1.523572921753,2.3948135375977,3.1370372772217,3.4485797882081,5.680950164794901,6.5521907806396,7.294414520263599,7.60595703125,0.8712406158446979,1.6134643554687,1.9250068664551,0.7422237396240021,1.0537662506104,0.311542510986396,-0.628381729125902,3.528995513916,-2.1519546508789,-3.0231952667236,-3.7654190063476003,-4.0769615173339995,0
1987,2205,2205,6.38094333052663e+18,1.23767954296707e+18,21.305278778076197,21.2699031829834,21.019624710083,21.525806427002,21.243459701538104,0.149021610617638,0.11611662805080401,0.080328941345215,0.059693016111851,0.04440063610673,22.243616104126,22.1673736572266,1,1.5252491235733,0.938337326049805,0.973712921142603,1.223991394043,0.7178096771240021,1.0001564025879,0.035375595092797994,0.28565406799319604,-0.220527648925803,0.06181907653809299,0.250278472900398,-0.25590324401860104,0.026443481445295,-0.5061817169189989,-0.22383499145510305,0.282346725463896,0.07624244689939999,-0.8620948791504051,-0.8974704742432029,-1.1477489471436002,-0.641567230224602,-0.9239139556884979,0
2017,2236,2236,6.37735450954118e+18,1.23767954350827e+18,20.511520385742198,21.7137279510498,19.6374111175537,21.0284252166748,19.4397296905518,0.30467092990875205,0.2373975366353989,0.164230510592461,0.122040875256062,0.09077598899602901,20.641798019409197,21.5611305236816,1,0.791837334632874,0.13027763366699902,-1.0719299316406,1.0043869018555,-0.386627197265604,1.2020683288574,-1.2022075653076,0.8741092681884979,-0.516904830932603,1.0717906951904,2.0763168334961,0.685302734375,2.2739982604980002,-1.3910140991211,0.1976814270019,1.588695526123,-0.919332504272404,-1.0496101379394,0.1525974273682,-1.9237194061279,-0.5327053070068,-2.1214008331297998,0
2018,2237,2237,6.37735450954118e+18,1.23767954350827e+18,21.439527511596697,21.4629173278809,21.5394496917725,21.710157394409197,22.2178955078125,0.32762640714645397,0.25528427958488503,0.176604479551315,0.131236061453819,0.09761551767587699,21.96784782409669,22.0918121337891,1,6.24341630935669,0.5283203125,0.504930496215799,0.428398132324197,0.2576904296875,-0.25004768371580305,-0.023389816284201,-0.09992218017580301,-0.2706298828125,-0.778367996215802,-0.076532363891602,-0.2472400665282989,-0.754978179931601,-0.170707702636697,-0.67844581604,-0.507738113403302,-0.123964309692404,-0.6522846221924039,-0.628894805908203,-0.5523624420166021,-0.38165473937990396,0.126083374023398,0
2030,2251,2251,6.37643976096403e+18,1.23767999769628e+18,22.051549911499,20.921573638915998,21.007379531860398,20.5971431732178,20.98136901855469,0.23745957016944896,0.18502689898014105,0.128000751137733,0.095118276774883,0.070750519633293,21.302152633667,21.6226119995117,1,0.618614494800568,-0.749397277831999,0.380578994751001,0.294773101806602,0.7050094604492009,0.320783615112301,1.129976272583,1.0441703796386,1.4544067382812,1.0701808929443,-0.0858058929444,0.3244304656982,-0.0597953796387,0.410236358642599,0.026010513305700003,-0.3842258453369001,-0.32045936584470197,0.42893791198729797,-0.701038360595703,-0.615232467651303,-1.0254688262939,-0.6412429809570029,0
2220,2455,2455,6.37619351116159e+18,1.23768027203732e+18,21.3354740142822,21.39640808105469,21.7691459655762,21.761693954467802,20.3374347686768,0.22522135078907002,0.17549094557762102,0.121403828263283,0.090216055512428,0.067104168236256,21.53460121154789,21.3039436340332,1,1.8905258178710904,0.199127197265696,0.1381931304932,-0.23454475402830305,-0.227092742919904,1.1971664428711002,-0.060934066772497,-0.4336719512939989,-0.4262199401856,0.9980392456054008,-0.372737884521502,-0.365285873413104,1.0589733123779,0.007452011108398001,1.4317111968993999,1.424259185791,0.23065757751469798,0.031530380249002,0.09246444702149904,0.465202331543001,0.4577503204346021,-0.9665088653563992,0
2453,2698,2698,6.37608786677727e+18,1.23768030639889e+18,20.9689025878906,20.4712219238281,20.5029621124268,20.617380142211896,20.7448825836182,0.18681626021862,0.14556597173214,0.10070186108350801,0.074832275509834,0.055661465972662,20.5372409820557,21.7136154174805,1,0.7000219225883481,-0.4316616058349,0.0660190582276,0.034278869628899,-0.08013916015619701,-0.2076416015625,0.4976806640625,0.46594047546379996,0.351522445678704,0.22402000427240096,-0.0317401885987,-0.146158218383796,-0.273660659790099,-0.11441802978509599,-0.2419204711913989,-0.127502441406303,-1.1763744354248,-0.7447128295899008,-1.2423934936524,-1.2106533050536998,-1.0962352752686,-0.9687328338623008,0
2514,2764,2764,3.1623736998725e+18,1.23764870297289e+18,22.8884334564209,21.1100158691406,19.7949161529541,19.2357139587402,18.795618057251,0.13815636932849898,0.10765051096677801,0.07447212189436,0.05534077063202901,0.041163366287947,22.6790580749512,22.816604614257802,1,0.3966358006000521,-0.209375381469698,1.5690422058106002,2.8841419219971,3.443344116211,3.8834400177002,1.7784175872802999,3.0935173034668,3.652719497680701,4.0928153991699,1.3150997161865001,1.8743019104004,2.3143978118896,0.5592021942139029,0.9992980957031,0.44009590148919703,-0.137546539306602,0.071828842163097,-1.7065887451172,-3.0216884613037003,-3.5808906555176003,-4.0209865570067995,0
2515,2766,2766,6.37573608211219e+18,1.23764870353158e+18,20.2473640441895,18.961145401001,17.834539413452102,17.338603973388697,17.0042095184326,0.444947063922882,0.346699744462967,0.239845275878906,0.178230747580528,0.132570922374725,21.1556568145752,21.243083953857397,1,0.2402958720922469,0.9082927703857,2.1945114135742,3.3211174011230997,3.8170528411865003,4.1514472961426,1.2862186431884999,2.4128246307373997,2.9087600708008,3.2431545257569,1.1266059875488998,1.6225414276123,1.9569358825684,0.495935440063406,0.8303298950195029,0.334394454956097,-0.08742713928219799,-0.9957199096678979,-2.2819385528564,-3.4085445404052903,-3.9044799804687,-4.2388744354248,0
2516,2767,2767,6.37573608211219e+18,1.23764870353158e+18,20.2473640441895,18.961145401001,17.834539413452102,17.338603973388697,17.0042095184326,0.444947063922882,0.346699744462967,0.239845275878906,0.178230747580528,0.132570922374725,21.1556568145752,21.243083953857397,1,0.24030077457428,0.9082927703857,2.1945114135742,3.3211174011230997,3.8170528411865003,4.1514472961426,1.2862186431884999,2.4128246307373997,2.9087600708008,3.2431545257569,1.1266059875488998,1.6225414276123,1.9569358825684,0.495935440063406,0.8303298950195029,0.334394454956097,-0.08742713928219799,-0.9957199096678979,-2.2819385528564,-3.4085445404052903,-3.9044799804687,-4.2388744354248,0
2519,2771,2771,2.93423823124851e+18,1.23764870405744e+18,23.0843181610107,22.138315200805696,22.268493652343803,21.851989746093803,21.6894912719727,0.21720227599144,0.169242545962334,0.11708121001720401,0.087003886699677,0.064714908599854,22.374780654907198,23.2400760650635,1,1.5758152008056598,-0.709537506103501,0.236465454101502,0.106287002563395,0.5227909088133951,0.685289382934499,0.9460029602050041,0.8158245086668959,1.2323284149169,1.394826889038,-0.13017845153810698,0.286325454711893,0.448823928832997,0.41650390625,0.5790023803711041,0.16249847412110402,-0.8652954101563031,-0.15575790405280202,-1.10176086425781,-0.9715824127196979,-1.3880863189697001,-1.5505847930908,0
2522,2778,2778,2.93596226568219e+18,1.2376487051283e+18,23.9804611206055,21.22868347167969,20.1749629974365,19.2535190582275,18.8468265533447,0.12676325440406802,0.098773069679737,0.06833075731992701,0.050777073949574994,0.037768814712763,22.5503330230713,23.9866237640381,1,0.536992013454437,-1.4301280975342,1.3216495513916,2.3753700256348,3.2968139648438,3.7035064697266002,2.7517776489258,3.805498123169,4.726942062378,5.1336345672608,1.0537204742432,1.9751644134522,2.381856918335,0.921443939208999,1.3281364440918,0.40669250488279796,-1.4362907409668002,-0.006162643432599,-2.7579402923583998,-3.8116607666016002,-4.7331047058105975,-5.1397972106934,0
2523,2780,2780,2.93385120315553e+18,1.23764870513223e+18,22.0089168548584,21.8926105499268,21.897850036621104,21.788301467895497,21.76249885559081,0.21479301154613506,0.16736526787281,0.11578251421451598,0.086038820445538,0.063997074961662,23.30501174926761,23.641849517822298,1,2.26016211509705,1.2960948944092,1.4124011993408,1.4071617126465,1.5167102813721105,1.5425128936768002,0.116306304931598,0.11106681823729404,0.220615386962901,0.246417999267596,-0.005239486694304,0.10430908203130301,0.130111694335998,0.10954856872560699,0.135351181030302,0.025802612304695,-0.33683776855469505,-1.6329326629639,-1.7492389678955,-1.74399948120119,-1.8535480499268002,-1.8793506622315002,0
2524,2781,2781,2.4242055734488e+18,1.23764872067711e+18,22.6483993530273,22.1706867218018,20.6592788696289,19.604621887207,19.2656536102295,0.128920868039131,0.100454263389111,0.06949380040168801,0.051641337573528,0.038411669433117,23.626827239990202,22.8083190917969,1,4.83110904693604,0.978427886962901,1.4561405181884,2.9675483703612997,4.0222053527832005,4.3611736297607,0.477712631225501,1.9891204833984,3.0437774658203,3.3827457427977996,1.5114078521728995,2.5660648345948,2.9050331115723,1.0546569824219,1.3936252593993999,0.33896827697750004,0.8185081481933031,-0.159919738769599,-0.637632369995099,-2.149040222168,-3.2036972045898997,-3.5426654815674,0
2525,2782,2782,2.4242055734488e+18,1.23764872067711e+18,22.6483993530273,22.1706867218018,20.6592788696289,19.604621887207,19.2656536102295,0.128920868039131,0.100454263389111,0.06949380040168801,0.051641337573528,0.038411669433117,23.626827239990202,22.8083190917969,1,5.763259410858152,0.978427886962901,1.4561405181884,2.9675483703612997,4.0222053527832005,4.3611736297607,0.477712631225501,1.9891204833984,3.0437774658203,3.3827457427977996,1.5114078521728995,2.5660648345948,2.9050331115723,1.0546569824219,1.3936252593993999,0.33896827697750004,0.8185081481933031,-0.159919738769599,-0.637632369995099,-2.149040222168,-3.2036972045898997,-3.5426654815674,0
2528,2787,2787,2.92801059738879e+18,1.23764872175046e+18,22.368778228759798,21.7868480682373,22.0325927734375,21.6256790161133,20.561840057373,0.11744434386491802,0.09151183813810401,0.06330746412277201,0.047044232487679,0.034992266446352005,23.125093460082997,23.4009170532227,1,1.9451394081115705,0.7563152313232,1.3382453918457,1.0925006866455,1.4994144439697001,2.56325340271,0.5819301605224959,0.33618545532229804,0.743099212646499,1.8069381713868,-0.2457447052001989,0.16116905212400198,1.2250080108643,0.4069137573242009,1.4707527160645,1.0638389587403,-0.27582359313970195,-1.0321388244629,-1.6140689849853995,-1.3683242797852,-1.7752380371094,-2.8390769958497,0
2537,2797,2797,2.41920939261219e+18,1.23764991950789e+18,21.9551734924316,21.18667984008789,20.0978393554688,19.070755004882802,18.853380203247106,0.335578054189682,0.261480122804642,0.180890753865242,0.134421214461327,0.099984683096409,22.5852947235107,23.1628913879395,1,0.48493668437004106,0.630121231079098,1.3986148834228,2.4874553680419,3.5145397186279,3.7319145202636004,0.7684936523437041,1.8573341369628,2.8844184875487997,3.1017932891845,1.0888404846191,2.1159248352051003,2.3332996368408,1.027084350586,1.2444591522217,0.21737480163570005,-0.5775966644288001,-1.2077178955079,-1.9762115478516,-3.0650520324707,-4.0921363830567,-4.3095111846924,0
2554,2818,2818,6.37897303575443e+18,1.23765037102517e+18,19.0645427703857,19.156879425048803,19.623111724853498,19.9014587402344,20.072925567627,0.10569391399622001,0.082355983555317,0.056973487138748,0.042337406426668,0.031491253525019,18.8385105133057,18.7964267730713,1,2.52675986289978,-0.22603225708,-0.318368911743104,-0.7846012115477979,-1.0629482269286998,-1.2344150543213002,-0.092336654663104,-0.558568954467798,-0.8369159698487,-1.0083827972413,-0.4662322998046951,-0.7445793151855971,-0.9160461425781959,-0.278347015380902,-0.449813842773502,-0.171466827392599,0.04208374023440002,0.2681159973144,0.360452651977504,0.8266849517821979,1.1050319671631001,1.2764987945557,0
2555,2820,2820,6.37897303575443e+18,1.23765037102517e+18,19.0645427703857,19.156879425048803,19.623111724853498,19.9014587402344,20.072925567627,0.10569391399622001,0.082355983555317,0.056973487138748,0.042337406426668,0.031491253525019,18.8385105133057,18.7964267730713,0,2.52675986289978,-0.22603225708,-0.318368911743104,-0.7846012115477979,-1.0629482269286998,-1.2344150543213002,-0.092336654663104,-0.558568954467798,-0.8369159698487,-1.0083827972413,-0.4662322998046951,-0.7445793151855971,-0.9160461425781959,-0.278347015380902,-0.449813842773502,-0.171466827392599,0.04208374023440002,0.2681159973144,0.360452651977504,0.8266849517821979,1.1050319671631001,1.2764987945557,1
2568,2839,2839,6.37897307763035e+18,1.23765076025016e+18,17.3416309356689,16.6939105987549,16.1796035766602,15.6989574432373,15.551876068115199,0.131293401122093,0.10230293124914196,0.07077269256115,0.052591696381569,0.039118558168411005,19.4936370849609,20.268846511840803,1,0.08353787660598799,2.1520061492919997,2.799726486206,3.3140335083007,3.7946796417236,3.9417610168457,0.647720336913999,1.1620273590087,1.6426734924316,1.7897548675536998,0.514307022094702,0.9949531555176008,1.1420345306397,0.480646133422899,0.627727508545,0.14708137512210098,-0.7752094268799041,-2.9272155761719,-3.5749359130858998,-4.0892429351806,-4.5698890686035005,-4.7169704437255975,0
2579,2852,2852,2.42691477009964e+18,1.23765173629367e+18,22.277400970459,21.2945556640625,21.6066036224365,21.498998641967802,21.2980804443359,0.108616583049297,0.084633305668831,0.05854893103241901,0.043508131057024,0.032362055033445,22.50444221496581,22.8910980224609,1,2.31727242469788,0.22704124450680396,1.2098865509033,0.897838592529304,1.005443572998,1.2063617706299,0.982845306396499,0.6707973480225,0.7784023284911971,0.9793205261230999,-0.31204795837399896,-0.204442977905302,-0.003524780273398,0.10760498046869699,0.3085231781006,0.20091819763190305,-0.38665580749509604,-0.6136970520019001,-1.5965423583984,-1.2844944000243999,-1.3920993804931,-1.593017578125,0
2584,2857,2857,2.42733698256471e+18,1.23765173683664e+18,25.376211166381804,20.816162109375,19.268705368042,18.6066589355469,18.3488445281982,0.129475876688957,0.10088672488927802,0.069792971014977,0.051863655447960004,0.038577031344175006,22.931579589843803,23.942419052124,1,0.45073562860488897,-2.4446315765380002,2.1154174804688,3.6628742218017996,4.3249206542969,4.5827350616455975,4.5600490570067995,6.107505798339799,6.7695522308349005,7.0273666381836,1.547456741333,2.2095031738281,2.4673175811768,0.662046432495099,0.9198608398438001,0.25781440734870004,-1.0108394622802,1.43379211425781,-3.1262569427490003,-4.673713684082,-5.3357601165771,-5.5935745239258,0
2585,2858,2858,2.93360491255091e+18,1.23765173684811e+18,23.1926670074463,21.0430679321289,19.5695648193359,18.7872257232666,18.3783168792725,0.20638789236545604,0.160816043615341,0.111251801252365,0.082672007381916,0.06149278581142401,23.7566871643066,23.6430969238281,1,0.40738320350646995,0.564020156860302,2.7136192321777,4.1871223449707005,4.96946144104,5.3783702850341,2.1495990753173997,3.6231021881104,4.4054412841797,4.8143501281738,1.473503112793,2.2558422088623,2.6647510528564,0.7823390960692971,1.1912479400634,0.4089088439941021,0.11359024047850096,-0.45042991638179997,-2.6000289916992,-4.0735321044922,-4.8558712005615,-5.2647800445556,0
2587,2862,2862,3.15248689131553e+18,1.23765175240098e+18,21.765649795532198,21.1882438659668,21.2639846801758,21.133510589599602,21.07853698730469,0.118750482797623,0.09252957254648199,0.06401152908802,0.04756742715835599,0.035381425172091,24.102502822876,24.2804145812988,1,2.2909314632415803,2.3368530273437997,2.9142589569092,2.8385181427002,2.9689922332764,3.0239658355712997,0.5774059295653979,0.501665115356399,0.6321392059325961,0.6871128082275,-0.075740814208999,0.054733276367198,0.10970687866210199,0.130474090576197,0.18544769287110105,0.054973602294904,-0.177911758422798,-2.5147647857666002,-3.092170715332,-3.016429901123,-3.1469039916992,-3.2018775939941,0
2602,2879,2879,2.92867910045847e+18,1.23765175453916e+18,21.9823894500732,21.337106704711896,21.3347549438477,21.716163635253896,21.2941989898682,0.161905243992805,0.12615546584129306,0.08727376908063901,0.064853765070438,0.048239286988974006,21.799280166626,23.04179573059081,1,2.76106381416321,-0.183109283447198,0.46217346191410497,0.4645252227783029,0.083116531372106,0.505081176757802,0.6452827453613029,0.647634506225501,0.26622581481930396,0.6881904602050001,0.002351760864197,-0.37905693054199896,0.042907714843697,-0.3814086914061969,0.040555953979499,0.4219646453856961,-1.2425155639648,-1.0594062805176,-1.7046890258789098,-1.7070407867431,-1.3256320953369098,-1.7475967407226003,0
2604,2881,2881,2.93356972817882e+18,1.23765175456439e+18,26.7060394287109,21.4796447753906,20.219202041626,20.1307144165039,19.7065315246582,0.13758747279643999,0.107207223773003,0.074165463447571,0.055112883448601005,0.040993861854076004,23.7752170562744,22.576074600219695,1,3.707665681838991,-2.9308223724365003,2.2955722808837997,3.5560150146483998,3.6445026397705003,4.0686855316162,5.2263946533203,6.4868373870849005,6.575325012207,6.9995079040527,1.2604427337646005,1.3489303588866999,1.7731132507324,0.088487625122102,0.512670516967802,0.4241828918457,1.1991424560547,4.1299648284912,-1.0964298248291,-2.3568725585937003,-2.4453601837158,-2.8695430755615003,0
2621,2909,2909,2.42227043298391e+18,1.23765290130224e+18,22.4009094238281,21.788249969482397,21.7506046295166,21.6776466369629,22.2386417388916,0.094922907650471,0.07396329194307301,0.051167462021112,0.038022905588150004,0.028282057493925,22.9522266387939,22.853443145752,1,0.08171233534812901,0.5513172149657989,1.1639766693115001,1.2016220092773,1.274580001831,0.713584899902298,0.612659454345703,0.650304794311499,0.7232627868651991,0.162267684936499,0.037645339965796,0.11060333251949601,-0.450391769409205,0.07295799255369999,-0.488037109375,-0.5609951019287,0.09878349304189996,-0.45253372192389896,-1.0651931762695999,-1.1028385162353995,-1.1757965087891,-0.614801406860398,0
2627,2916,2916,2.43571086312185e+18,1.23765294638478e+18,20.5622482299805,18.686616897583,17.5802593231201,16.9705772399902,16.6284084320068,0.134026512503624,0.104432553052902,0.072245955467224,0.053686488419771,0.039932884275912996,22.83113479614261,23.251876831054698,1,0.18677653372287809,2.2688865661621,4.1445178985596005,5.2508754730225,5.860557556152401,6.202726364135799,1.8756313323975,2.9819889068604,3.5916709899903,3.9338397979737003,1.1063575744629,1.7160396575927999,2.0582084655762,0.609682083129901,0.9518508911132992,0.342168807983398,-0.420742034912095,-2.6896286010742,-4.5652599334717,-5.6716175079346005,-6.281299591064499,-6.6234683990479,0
2646,2940,2940,3.12479679048162e+18,1.23765460694303e+18,23.3264484405518,20.3615760803223,19.5165901184082,19.383230209350604,19.3806056976318,0.15649855136871302,0.121942609548569,0.084359332919121,0.062688022851944,0.04662837460637099,23.8105087280273,23.6609897613525,1,3.575400829315189,0.484060287475501,3.448932647705,4.2939186096191,4.4272785186767,4.4299030303955,2.9648723602294997,3.8098583221436,3.9432182312012003,3.94584274292,0.844985961914102,0.978345870971697,0.980970382690501,0.13335990905759598,0.135984420776399,0.0026245117188029997,0.149518966674801,-0.3345413208007,-3.2994136810302,-4.1443996429442995,-4.2777595520019,-4.2803840637207005,0
2680,2990,2990,6.37879708275547e+18,1.23765512662463e+18,20.6557788848877,20.193683624267603,20.1326065063477,20.336013793945305,19.9868106842041,0.16619715094566298,0.12949970364570598,0.08958729356527301,0.06657295674085599,0.049518052488565,20.146991729736303,20.4973220825195,1,0.7619884014129642,-0.508787155151396,-0.0466918945313,0.014385223388603999,-0.18902206420899892,0.160181045532202,0.46209526062009604,0.52317237854,0.31976509094239697,0.6689682006835971,0.061077117919904,-0.14233016967769901,0.206872940063501,-0.203407287597603,0.145795822143597,0.3492031097412,-0.350330352783196,0.1584568023682,-0.303638458251896,-0.36471557617179995,-0.161308288574197,-0.5105113983153979,0
2689,3003,3003,2.41414284303139e+18,1.23765549598324e+18,23.4018115997314,21.9641189575195,20.8693733215332,19.8741855621338,19.304759979248,0.21633023023605305,0.168563053011894,0.11661113798618301,0.08665457367897,0.064455084502697,22.873197555542003,23.116268157959,1,0.603507220745087,-0.528614044189396,0.909078598022504,2.0038242340088,2.9990119934082,3.568437576294,1.4376926422118999,2.5324382781982,3.5276260375976003,4.097051620483399,1.0947456359863001,2.0899333953857,2.6593589782715,0.9951877593994001,1.5646133422852,0.5694255828857989,-0.243070602416996,0.285543441772401,-1.1521492004395,-2.2468948364258,-3.2420825958252,-3.811508178711,0
2692,3008,3008,2.85162532558393e+18,1.23765549759935e+18,22.331275939941396,21.6849803924561,20.3211364746094,19.53870964050289,19.096773147583,0.45133650302887,0.351678341627121,0.243289455771446,0.18079014122486106,0.13447465002536801,22.5215244293213,22.8704814910889,1,0.430308192968369,0.19024848937990402,0.8365440368651991,2.2003879547119,2.9828147888184,3.4247512817383,0.646295547485295,2.010139465332,2.7925662994384997,3.23450279235839,1.3638439178467,2.1462707519531996,2.5882072448731,0.782426834106502,1.2243633270264,0.44193649291989706,-0.348957061767599,-0.539205551147504,-1.1855010986328,-2.5493450164794997,-3.331771850586,-3.7737083435059,0
2719,3046,3046,2.86372874958248e+18,1.23765842354825e+18,22.327453613281303,21.220317840576197,21.0682811737061,21.2149066925049,20.7019901275635,0.10631901025772099,0.08284305036067999,0.057310439646244,0.04258779808878901,0.031677499413490004,23.4873237609863,23.766746520996104,1,2.87516403198242,1.159870147705,2.2670059204101003,2.4190425872802,2.2724170684814,2.7853336334227996,1.10713577270511,1.2591724395752,1.1125469207764,1.6254634857177999,0.152036666870096,0.005411148071296,0.518327713012695,-0.14662551879879998,0.366291046142599,0.512916564941399,-0.279422760009805,-1.4392929077148,-2.5464286804199103,-2.6984653472900004,-2.5518398284912003,-3.0647563934326,0
2729,3056,3056,6.37907856417463e+18,1.23765849173819e+18,18.895679473877,18.993700027465803,19.319538116455103,19.5333366394043,19.705518722534197,0.17859748005867002,0.139161944389343,0.096271589398384,0.07154010981321299,0.053212698549032,19.07170104980469,19.542650222778303,1,2.59595108032227,0.176021575927699,0.078001022338896,-0.247837066650405,-0.4616355895996021,-0.6338176727294991,-0.098020553588803,-0.423858642578104,-0.637657165527301,-0.8098392486571979,-0.3258380889893,-0.539636611938498,-0.711818695068395,-0.213798522949197,-0.38598060607909396,-0.172182083129897,-0.470949172973604,-0.646970748901303,-0.5489501953125,-0.22311210632320005,-0.009313583374001998,0.16286849975589499,0
2730,3058,3058,6.37907856417463e+18,1.23765849173819e+18,18.895679473877,18.993700027465803,19.319538116455103,19.5333366394043,19.705518722534197,0.17859748005867002,0.139161944389343,0.096271589398384,0.07154010981321299,0.053212698549032,19.07170104980469,19.542650222778303,0,2.59595108032227,0.176021575927699,0.078001022338896,-0.247837066650405,-0.4616355895996021,-0.6338176727294991,-0.098020553588803,-0.423858642578104,-0.637657165527301,-0.8098392486571979,-0.3258380889893,-0.539636611938498,-0.711818695068395,-0.213798522949197,-0.38598060607909396,-0.172182083129897,-0.470949172973604,-0.646970748901303,-0.5489501953125,-0.22311210632320005,-0.009313583374001998,0.16286849975589499,1
2740,3072,3072,2.86323616837325e+18,1.23765849279994e+18,22.3965282440186,21.172212600708,21.1499462127686,21.011920928955103,21.039104461669897,0.233014494180679,0.181563317775726,0.125604659318924,0.09333772212266901,0.069426119327545,23.017808914184602,24.0291347503662,1,2.28571200370789,0.621280670166001,1.8455963134766,1.867862701416,2.0058879852294997,1.9787044525147093,1.2243156433106002,1.24658203125,1.3846073150635,1.3574237823486999,0.0222663879394,0.160291671752898,0.133108139038104,0.13802528381349802,0.110841751098704,-0.027183532714793998,-1.0113258361816,-1.6326065063476003,-2.8569221496582,-2.8791885375976003,-3.0172138214111,-2.9900302886962997,0
2741,3073,3073,2.86323616837325e+18,1.23765849279994e+18,22.3965282440186,21.172212600708,21.1499462127686,21.011920928955103,21.039104461669897,0.233014494180679,0.181563317775726,0.125604659318924,0.09333772212266901,0.069426119327545,23.017808914184602,24.0291347503662,1,2.28597211837769,0.621280670166001,1.8455963134766,1.867862701416,2.0058879852294997,1.9787044525147093,1.2243156433106002,1.24658203125,1.3846073150635,1.3574237823486999,0.0222663879394,0.160291671752898,0.133108139038104,0.13802528381349802,0.110841751098704,-0.027183532714793998,-1.0113258361816,-1.6326065063476003,-2.8569221496582,-2.8791885375976003,-3.0172138214111,-2.9900302886962997,0
2760,3097,3097,6.37147878060563e+18,1.23765911987644e+18,19.7750511169434,19.746877670288104,19.925329208374,20.029958724975604,20.0422096252441,0.308937042951584,0.2407216578722,0.16653013229370098,0.12374973297119099,0.092047065496445,20.290691375732397,21.2024459838867,1,5.8819856643676784,0.515640258788999,0.543813705444293,0.3653621673583979,0.26073265075679297,0.248481750488295,0.028173446655294997,-0.1502780914306,-0.25490760803220497,-0.26715850830070303,-0.178451538085895,-0.2830810546875,-0.295331954955998,-0.104629516601605,-0.11688041687010302,-0.012250900268498,-0.911754608154304,-1.4273948669433,-1.4555683135986,-1.2771167755127,-1.1724872589111,-1.1602363586426,0
2784,3130,3130,3.15575903791979e+18,1.23766066927986e+18,20.0794086456299,20.0086078643799,20.1335754394531,20.255092620849602,20.2460327148438,0.186651408672333,0.145437508821487,0.10061299800872801,0.07476624101400399,0.055612344294787,20.8427143096924,22.5236968994141,1,3.9373824596405,0.7633056640625,0.8341064453125,0.7091388702393,0.587621688842798,0.5966815948486011,0.07080078125,-0.0541667938232,-0.17568397521970205,-0.16662406921389902,-0.1249675750732,-0.24648475646970205,-0.237424850463899,-0.121517181396502,-0.1124572753907,0.009059906005803002,-1.6809825897217,-2.4442882537842,-2.5150890350342,-2.390121459961,-2.2686042785644998,-2.2776641845702996,0
2796,3144,3144,6.37777672415373e+18,1.23766076429802e+18,19.7789535522461,19.6254482269287,19.7204971313477,19.866998672485398,20.0957279205322,0.149520859122276,0.116505637764931,0.080598063766956,0.059892997145653014,0.044549386948347,20.45352554321289,21.4911231994629,1,1.31977581977844,0.674571990966797,0.828077316284197,0.7330284118651991,0.5865268707275,0.35779762268069604,0.153505325317401,0.058456420898402,-0.088045120239297,-0.316774368286101,-0.095048904418999,-0.241550445556697,-0.470279693603501,-0.146501541137699,-0.375230789184503,-0.228729248046804,-1.03759765625,-1.7121696472168002,-1.8656749725342,-1.7706260681151995,-1.6241245269775,-1.3953952789306998,0
2823,3177,3177,3.16638471829062e+18,1.23766181119374e+18,22.2467250823975,21.0257682800293,20.962444305419897,21.112972259521502,20.569387435913104,0.09248626232147199,0.07206466794014,0.04985400661826099,0.037046868354082,0.027556065469979997,23.1171092987061,23.4005699157715,1,2.53206205368042,0.8703842163086009,2.0913410186768,2.1546649932862,2.0041370391846,2.547721862793,1.2209568023682,1.2842807769776001,1.1337528228759999,1.6773376464844,0.063323974609404,-0.08720397949220199,0.456380844116197,-0.150527954101605,0.39305686950679297,0.5435848236083979,-0.28346061706539805,-1.1538448333740001,-2.3748016357422004,-2.4381256103516002,-2.28759765625,-2.83118247985839,0
2832,3186,3186,3.11519145690137e+18,1.23766181387888e+18,21.401540756225604,21.003059387207,21.0826511383057,21.202346801757802,21.9763259887695,0.09257263690233199,0.07213196903467199,0.049900565296412,0.037081468850374,0.027581799775362004,23.3145427703857,23.0596618652344,1,2.41281771659851,1.9130020141601003,2.3114833831787003,2.23189163208,2.1121959686279,1.3382167816161998,0.39848136901860404,0.318889617919904,0.199193954467802,-0.574785232543896,-0.0795917510987,-0.199287414550803,-0.9732666015625,-0.11969566345210199,-0.8936748504638,-0.773979187011697,0.25488090515129996,-1.6581211090088002,-2.0566024780273997,-1.9770107269286998,-1.8573150634766,-1.0833358764649001,0
2840,3196,3196,6.37907855128973e+18,1.23766194917468e+18,19.0436401367188,19.219768524169897,19.566509246826197,19.7878265380859,20.1714878082275,0.119868248701096,0.09340052306652097,0.064614050090313,0.048015166074037996,0.035714462399483005,18.9104118347168,19.000919342040998,1,2.5882558822631805,-0.133228302001999,-0.30935668945309697,-0.656097412109396,-0.877414703369098,-1.2610759735107,-0.176128387451097,-0.5228691101073971,-0.7441864013670991,-1.1278476715087,-0.3467407226563,-0.568058013916001,-0.951719284057603,-0.221317291259702,-0.604978561401303,-0.3836612701416021,-0.09050750732419804,0.042720794677802,0.21884918212889892,0.565589904785199,0.7869071960449009,1.1705684661865001,0
2845,3201,3201,3.08053485039387e+18,1.23766194919342e+18,23.1123733520508,21.5779857635498,21.6578159332275,21.592538833618196,20.914203643798803,0.11966691911220599,0.093243651092053,0.064505524933338,0.047934520989656004,0.035654477775097,24.1910705566406,25.0125293731689,1,2.31513905525208,1.0786972045898,2.6130847930908,2.5332546234131,2.5985317230223997,3.2768669128418,1.534387588501,1.4545574188233,1.5198345184326,2.1981697082519998,-0.079830169677699,-0.014553070068395001,0.663782119750998,0.065277099609304,0.7436122894286971,0.678335189819393,-0.821458816528299,-1.9001560211181,-3.4345436096191,-3.3547134399413996,-3.4199905395507,-4.0983257293701,0
2862,3218,3218,6.37858601732513e+18,1.23766195080318e+18,22.010972976684602,20.2989501953125,19.665819168090803,19.0337982177734,18.7600269317627,0.09861432760953899,0.07683961093425799,0.05315728858113298,0.039501562714577006,0.029381904751062,21.9100131988525,21.9795799255371,1,1.4184480905532801,-0.100959777832102,1.61106300354,2.2441940307617,2.8762149810791002,3.1499862670898,1.7120227813721,2.3451538085937997,2.9771747589112003,3.2509460449219,0.633131027221697,1.2651519775391,1.5389232635498,0.6320209503174039,0.905792236328104,0.2737712860107,-0.069566726684599,0.031393051147504,-1.6806297302246,-2.3137607574462997,-2.9457817077637003,-3.2195529937744,0
2879,3237,3237,6.37858603557874e+18,1.23766219827728e+18,18.8017902374268,18.8990840911865,19.2172870635986,19.4885749816895,19.727464675903303,0.112313620746136,0.08751401305198699,0.060541789978743,0.04498903825879099,0.033463578671217,18.8023567199707,19.2236099243164,1,2.59669709205627,0.000566482543899,-0.09672737121579901,-0.414930343627901,-0.6862182617188001,-0.925107955932603,-0.09729385375969801,-0.41549682617179995,-0.6867847442626991,-0.925674438476502,-0.318202972412102,-0.589490890503001,-0.828380584716804,-0.27128791809089803,-0.510177612304702,-0.238889694213803,-0.4212532043457,-0.421819686889599,-0.32452583312990096,-0.006322860717798,0.2649650573731,0.503854751586903,0
2894,3255,3255,6.37858605168486e+18,1.23766223694129e+18,21.858182907104503,21.1832714080811,21.3189105987549,21.3510437011719,20.5314693450928,0.103375516831875,0.080549500882626,0.055723775178194,0.041408736258745,0.030800491571426,21.6708583831787,21.4168663024902,1,0.70873236656189,-0.187324523925803,0.487586975097599,0.3519477844238,0.31981468200679997,1.1393890380859,0.6749114990234021,0.539272308349602,0.507139205932603,1.3267135620116999,-0.1356391906738,-0.167772293090799,0.651802062988303,-0.032133102416999,0.787441253662102,0.819574356079102,0.253992080688501,0.44131660461430394,-0.2335948944090981,-0.09795570373529801,-0.065822601318299,-0.8853969573974,0
2942,3318,3318,3.76166910966157e+18,1.23766263690677e+18,21.5287055969238,20.2781372070313,19.975866317749,19.9301509857178,19.9453010559082,0.22330135107040397,0.173994898796082,0.12036886811256405,0.08944696933031099,0.066532112658024,22.4311637878418,22.921777725219695,1,3.27680587768555,0.902458190918001,2.1530265808105002,2.4552974700927996,2.501012802124,2.4858627319336,1.2505683898925,1.5528392791748,1.5985546112059998,1.5834045410156,0.30227088928230106,0.347986221313501,0.33283615112309994,0.0457153320312,0.030565261840799,-0.015150070190401,-0.4906139373778979,-1.3930721282959,-2.6436405181884,-2.9459114074707,-2.9916267395019003,-2.9764766693115003,0
2947,3323,3323,3.06417411737257e+18,1.23766266321476e+18,22.691614151001,21.915536880493196,21.774023056030305,21.9692115783691,22.464847564697298,0.120266191661358,0.09371060132980401,0.064828559756279,0.048174567520617995,0.035833027213812006,23.685205459594695,23.7332935333252,1,2.29123091697693,0.9935913085936968,1.7696685791014999,1.9111824035643998,1.7159938812256001,1.2203578948973999,0.7760772705078051,0.9175910949707,0.7224025726319,0.22676658630370397,0.141513824462894,-0.053674697875905994,-0.5493106842041021,-0.1951885223388,-0.690824508666996,-0.4956359863281961,-0.048088073730501,-1.0416793823241999,-1.817756652832,-1.9592704772949,-1.7640819549561,-1.2684459686279,0
2992,3380,3380,6.37925453864842e+18,1.23766510167962e+18,23.5118217468262,21.7126998901367,21.4027729034424,21.023967742919897,20.8984432220459,0.23471632599830602,0.18288937211036704,0.126522019505501,0.09401942044496499,0.069933176040649,22.8991355895996,22.439918518066396,1,1.34338843822479,-0.612686157226602,1.1864356994629,1.4963626861572001,1.8751678466797,2.0006923675537,1.7991218566895,2.1090488433838,2.4878540039062997,2.6133785247802996,0.30992698669429997,0.688732147216804,0.814256668090802,0.378805160522504,0.504329681396502,0.125524520873999,0.45921707153320296,1.0719032287598,-0.7272186279296949,-1.0371456146240001,-1.4159507751465,-1.5414752960205,0
2993,3382,3382,6.37925453864842e+18,1.23766510167962e+18,23.5118217468262,21.7126998901367,21.4027729034424,21.023967742919897,20.8984432220459,0.23471632599830602,0.18288937211036704,0.126522019505501,0.09401942044496499,0.069933176040649,22.8991355895996,22.439918518066396,0,1.34338843822479,-0.612686157226602,1.1864356994629,1.4963626861572001,1.8751678466797,2.0006923675537,1.7991218566895,2.1090488433838,2.4878540039062997,2.6133785247802996,0.30992698669429997,0.688732147216804,0.814256668090802,0.378805160522504,0.504329681396502,0.125524520873999,0.45921707153320296,1.0719032287598,-0.7272186279296949,-1.0371456146240001,-1.4159507751465,-1.5414752960205,1
3169,3582,3582,6.37777681112682e+18,1.23766714232531e+18,20.0873394012451,20.4024906158447,20.881067276001,21.326824188232397,20.7684555053711,0.108037732541561,0.084182269871235,0.05823690444231,0.043276261538267,0.032189588993788,19.3736953735352,18.876146316528303,1,1.0996627807617199,-0.7136440277099,-1.0287952423095,-1.5073719024658,-1.9531288146972001,-1.3947601318359,-0.315151214599602,-0.793727874755902,-1.2394847869873,-0.681116104126001,-0.4785766601563,-0.924333572387695,-0.365964889526399,-0.44575691223139596,0.11261177062990099,0.558368682861296,0.497549057006896,1.2111930847168,1.5263442993164,2.0049209594727,2.45067787170409,1.8923091888427999,0
3646,4099,4099,3.0804644816497e+18,1.23766533039541e+18,23.5612411499023,20.6092224121094,20.206279754638697,20.125539779663104,20.150239944458,0.049906011670828,0.038886427879333996,0.026901450008154,0.019990660250187,0.014869378879666,23.146509170532198,22.6761417388916,1,3.3045647144317596,-0.414731979370103,2.5372867584227996,2.9402294158935,3.02096939086909,2.9962692260742,2.9520187377928995,3.3549613952636004,3.4357013702392,3.4110012054442995,0.40294265747070296,0.483682632446296,0.458982467651399,0.080739974975593,0.056039810180695995,-0.024700164794897003,0.4703674316405971,0.8850994110107,-2.0669193267822,-2.4698619842529,-2.5506019592285,-2.5259017944336,0
3647,4100,4100,3.0804644816497e+18,1.23766533039541e+18,23.5612411499023,20.6092224121094,20.206279754638697,20.125539779663104,20.150239944458,0.049906011670828,0.038886427879333996,0.026901450008154,0.019990660250187,0.014869378879666,23.146509170532198,22.6761417388916,1,3.30506873130798,-0.414731979370103,2.5372867584227996,2.9402294158935,3.02096939086909,2.9962692260742,2.9520187377928995,3.3549613952636004,3.4357013702392,3.4110012054442995,0.40294265747070296,0.483682632446296,0.458982467651399,0.080739974975593,0.056039810180695995,-0.024700164794897003,0.4703674316405971,0.8850994110107,-2.0669193267822,-2.4698619842529,-2.5506019592285,-2.5259017944336,0
3671,4124,4124,3.0804644816497e+18,1.23766533039541e+18,23.5612411499023,20.6092224121094,20.206279754638697,20.125539779663104,20.150239944458,0.049906011670828,0.038886427879333996,0.026901450008154,0.019990660250187,0.014869378879666,23.146509170532198,22.6761417388916,1,3.3045647144317596,-0.414731979370103,2.5372867584227996,2.9402294158935,3.02096939086909,2.9962692260742,2.9520187377928995,3.3549613952636004,3.4357013702392,3.4110012054442995,0.40294265747070296,0.483682632446296,0.458982467651399,0.080739974975593,0.056039810180695995,-0.024700164794897003,0.4703674316405971,0.8850994110107,-2.0669193267822,-2.4698619842529,-2.5506019592285,-2.5259017944336,0
3672,4125,4125,3.0804644816497e+18,1.23766533039541e+18,23.5612411499023,20.6092224121094,20.206279754638697,20.125539779663104,20.150239944458,0.049906011670828,0.038886427879333996,0.026901450008154,0.019990660250187,0.014869378879666,23.146509170532198,22.6761417388916,1,3.30506873130798,-0.414731979370103,2.5372867584227996,2.9402294158935,3.02096939086909,2.9962692260742,2.9520187377928995,3.3549613952636004,3.4357013702392,3.4110012054442995,0.40294265747070296,0.483682632446296,0.458982467651399,0.080739974975593,0.056039810180695995,-0.024700164794897003,0.4703674316405971,0.8850994110107,-2.0669193267822,-2.4698619842529,-2.5506019592285,-2.5259017944336,0
